epoch,train_loss,train_rmse,val_loss,val_rmse,val_macro_loss,val_macro_rmse,val_worst_rmse,val_trajectory_macro_ate_rmse,val_trajectory_macro_final_error,val_trajectory_macro_final_drift_percent,val_trajectory_worst_ate_rmse,val_trajectory_xy_macro_ate_rmse,val_trajectory_xy_worst_ate_rmse,val_trajectory_xy_macro_rte_1s,val_trajectory_xy_macro_rte_5s,val_trajectory_xy_macro_final_drift_percent,learning_rate,epoch_seconds,best_step_epoch,best_macro_val_rmse,best_trajectory_epoch,best_trajectory_ate_rmse,best_xy_epoch,best_xy_ate_rmse,best_epoch,best_val_loss
1,8.36519723252148e-05,0.017380755934511844,8.153750502210212e-05,0.025856609047615393,7.409271062183905e-05,0.01757317745153352,0.04331329862664425,1.3736321583722493,0.9573844644525753,2.317935112864289,2.431292667134924,1.1394327937467406,2.246049964092506,0.8007705175067592,1.3885511960038293,2.0593828259968197,9.990232305719945e-05,14.911803483963013,1,0.01757317745153352,1,1.3736321583722493,1,1.1394327937467406,1,8.153750502210212e-05
2,6.693663663148068e-05,0.01630737730388835,8.054007980171324e-05,0.025841401455193966,7.311245611288551e-05,0.017446879410644246,0.043379215175192026,1.6912319409525653,2.3945235931635915,5.233316380588002,2.421964082171922,1.394291096207055,2.242825464574371,0.8355531402898755,1.5165106023111945,3.956468089937359,9.960967771506666e-05,14.299970865249634,2,0.017446879410644246,1,1.3736321583722493,1,1.1394327937467406,2,8.054007980171324e-05
3,6.360693014784205e-05,0.01609444311593091,7.665956430490852e-05,0.02567259365062603,6.638560418148596e-05,0.017049233809605616,0.04298260155008265,1.1684270691007683,1.2691530759854863,3.197035214832594,1.6132033456038266,0.9885319728538782,1.5204813947867015,0.6335372360093247,0.9869015139925679,2.6357095901806296,9.912321891107009e-05,14.302346467971802,3,0.017049233809605616,3,1.1684270691007683,3,0.9885319728538782,3,7.665956430490852e-05
4,6.0837068207257476e-05,0.01591398800921002,7.783744347564574e-05,0.025754827708550213,7.276963879783102e-05,0.017595781478787438,0.043202213213915215,3.8893376194578835,5.662453284808823,9.068877085544507,7.10429467404903,1.1060313082606203,1.749834786033001,0.8095483368898408,1.3181871652625254,2.156530252086044,9.844486647586723e-05,14.259110689163208,3,0.017049233809605616,3,1.1684270691007683,3,0.9885319728538782,3,7.665956430490852e-05
5,5.829032398060545e-05,0.015747418811437663,7.387440435040515e-05,0.025575644251791783,6.448029397010787e-05,0.016849763984030076,0.04297817929966699,1.0302064524038246,1.3304532174397818,3.3084291443915683,1.314752044264374,0.8816637281052693,1.2104859341416099,0.5941069579274183,0.885044363214541,2.6115432767476228,9.757729755661011e-05,14.470566511154175,5,0.016849763984030076,5,1.0302064524038246,5,0.8816637281052693,5,7.387440435040515e-05
6,5.562222907147391e-05,0.01557999191945869,7.754723344758493e-05,0.025694711496854046,6.781412333917869e-05,0.017155185199481136,0.04301638808789858,3.375091773885187,5.359724555134607,9.63351618432003,6.542534379942066,1.5910608392451928,2.576713591709785,0.6220399402426331,1.1433368426562667,5.154448169498097,9.652393605146844e-05,14.20555567741394,5,0.016849763984030076,5,1.0302064524038246,5,0.8816637281052693,5,7.387440435040515e-05
7,5.339873562457972e-05,0.015439405299132902,7.498448713845567e-05,0.025605243474933162,6.80294267235661e-05,0.017282464194516192,0.042919674461683134,1.8432906674630387,2.6202076168683175,5.636807257094654,2.7467792097148345,1.4553782355340565,2.2151123670108817,0.6626191680019257,1.1054403650083702,4.117522252887679,9.528893909706797e-05,14.311053276062012,5,0.016849763984030076,5,1.0302064524038246,5,0.8816637281052693,5,7.387440435040515e-05
8,5.159233307392683e-05,0.01533372860401284,7.681177421545727e-05,0.025713101226220076,7.396795626134275e-05,0.017776916061840488,0.04310522018483402,1.947141558035558,2.8205430555321107,6.129911483358173,3.1871486492738117,1.2437263072286129,1.6918179776804692,0.8202028865570657,1.417960070031012,3.3372571190706375,9.387718066217124e-05,14.32612657546997,5,0.016849763984030076,5,1.0302064524038246,5,0.8816637281052693,5,7.387440435040515e-05
9,4.966936426017873e-05,0.015197476498552645,7.864143821961193e-05,0.0258168215113034,7.420591087685845e-05,0.017754262609259285,0.043251598882503385,2.272068660335843,3.6420149025636888,6.653847248900966,3.095771331078917,1.5653815325964926,2.513518862226596,0.8299484865031954,1.4906021516434385,5.009176821284724,9.229423231234974e-05,14.198742866516113,5,0.016849763984030076,5,1.0302064524038246,5,0.8816637281052693,5,7.387440435040515e-05
10,4.824298011686989e-05,0.015111649203676981,7.58784013870994e-05,0.025639874825461068,7.021246656244138e-05,0.017392287722506457,0.04304027175612262,1.9025921642491803,2.431079600426126,5.491711756158112,3.481597031501441,1.1791026920800751,1.3880826780215259,0.7089570965643697,1.2145428756132,2.357040101731304,9.054634122155989e-05,14.350303649902344,5,0.016849763984030076,5,1.0302064524038246,5,0.8816637281052693,5,7.387440435040515e-05
11,4.6702943396538224e-05,0.015004715562425885,7.629663454145558e-05,0.025668784799740746,7.00768453779137e-05,0.017381707239417385,0.04306925482920846,3.630920893203971,6.042990731739508,10.401574170210477,6.907571179955821,1.1924308596561883,1.5732846558068716,0.6766716946622447,1.1814428761476048,2.926353646945853,8.864040551740155e-05,14.216312408447266,5,0.016849763984030076,5,1.0302064524038246,5,0.8816637281052693,5,7.387440435040515e-05
12,4.5512829990480425e-05,0.014931247259453531,7.768811057541789e-05,0.025742088612248706,7.398882906814385e-05,0.017743216626592666,0.043138949241489005,2.1936164244109153,2.800519506315638,5.26238360088888,3.0268658039491996,1.4369551881752354,1.727490857210415,0.7935374695127856,1.4468885177453013,3.0241516610226253,8.658394705735986e-05,14.182169437408447,5,0.016849763984030076,5,1.0302064524038246,5,0.8816637281052693,5,7.387440435040515e-05
13,4.432722948712207e-05,0.014855251111537703,7.65510967206506e-05,0.025680566584031263,7.256671176083125e-05,0.01770741633606015,0.042997470099329665,2.3217392732746234,3.1457288050923733,6.393185649170193,3.635951896356556,1.5696735193288103,2.2744867301713705,0.7334815971314883,1.218222077729223,3.9185291908336373,8.438508174347008e-05,14.26038122177124,5,0.016849763984030076,5,1.0302064524038246,5,0.8816637281052693,5,7.387440435040515e-05
14,4.331787844646769e-05,0.014773126730948377,8.088256087757587e-05,0.02586803307867262,7.485369683368655e-05,0.01778713087298883,0.04323901980751224,3.7434100959812424,6.151971116551756,10.48499110004466,6.862392325577914,1.2831008711277758,1.8304932881187965,0.7369163593024498,1.297702832783662,4.1800141116506895,8.205248749256013e-05,14.379587411880493,5,0.016849763984030076,5,1.0302064524038246,5,0.8816637281052693,5,7.387440435040515e-05
15,4.247577196570179e-05,0.014714208548072963,8.042822796655107e-05,0.025833520638760002,7.745645475875967e-05,0.017960854722671536,0.04326030746177115,2.1917544423404345,2.663468219450707,6.0204099983129815,3.037285969237487,2.010186049892716,2.649843965921277,0.8538145864348079,1.688794428891633,5.092798895623311,7.959536998847742e-05,14.325996160507202,5,0.016849763984030076,5,1.0302064524038246,5,0.8816637281052693,5,7.387440435040515e-05
16,4.169179538119743e-05,0.014671343332501571,7.672985090213e-05,0.025705443285395573,7.195352708380513e-05,0.017602348591635744,0.04308215000743075,1.9643693935233952,2.752762610824127,4.834074311682296,3.405803986006504,1.4331968929035965,1.8147489362218405,0.7518386499251914,1.280735950030153,3.4704504647902277,7.702342635146032e-05,14.389968633651733,5,0.016849763984030076,5,1.0302064524038246,5,0.8816637281052693,5,7.387440435040515e-05
17,4.0915049573072376e-05,0.014616783644804681,7.74961999717224e-05,0.02572789402216552,7.329487879942264e-05,0.01771956246748543,0.04307812334628923,2.2340292347525486,3.393607394096715,6.45945128441475,4.262455859914452,1.4016989548788357,1.8033051036436398,0.7416130083896265,1.2597584062335259,4.199706580295041,7.434680686803489e-05,14.373659133911133,5,0.016849763984030076,5,1.0302064524038246,5,0.8816637281052693,5,7.387440435040515e-05
18,4.0376810379280026e-05,0.014580364606497863,7.716697586287433e-05,0.02571718394561148,7.237134367693793e-05,0.017661572362980167,0.043064011283767155,1.8714194386794616,2.093644247280446,5.011919070736514,2.6486722404361633,1.7952602401008888,2.6104527272954017,0.7300833118728567,1.334242877084081,5.035854376798457,7.157607493247108e-05,14.312522172927856,5,0.016849763984030076,5,1.0302064524038246,5,0.8816637281052693,5,7.387440435040515e-05
19,3.976686321227961e-05,0.014517416022472153,7.787264733100317e-05,0.02573283263306603,7.264716999066796e-05,0.01763869551591034,0.043098359599435344,1.8132948066104264,2.2394531153267065,4.559570633397868,3.0405512714503407,1.6095062694364968,2.378274553734521,0.7174220838624848,1.2897386101537398,4.120858579080024,6.872216535789155e-05,14.266112565994263,5,0.016849763984030076,5,1.0302064524038246,5,0.8816637281052693,5,7.387440435040515e-05
20,3.9074629811865406e-05,0.014460346487734768,7.889987365004774e-05,0.025794815789607826,7.184045054681728e-05,0.01757698520283107,0.04314487905481765,1.935505646617142,2.466119490898567,5.391657361837603,2.730816326740398,1.8670841273197367,2.6880130105717854,0.7217103554727975,1.3609974337997803,5.387534899102747,6.579634122155988e-05,14.446943521499634,5,0.016849763984030076,5,1.0302064524038246,5,0.8816637281052693,5,7.387440435040515e-05
21,3.859790337813524e-05,0.01443287660671204,7.825558134063953e-05,0.025747238499395097,7.229097585827838e-05,0.017611497012708612,0.043095589445502396,2.008691247296726,2.5272515023500266,5.452101143558979,2.9646699317328764,1.9625869800075768,2.896379352692655,0.7267211541915999,1.4073976994840256,5.6367374500546825,6.28101494146603e-05,14.278493165969849,5,0.016849763984030076,5,1.0302064524038246,5,0.8816637281052693,5,7.387440435040515e-05
22,3.8089315350935754e-05,0.014379042335334307,7.821069078896151e-05,0.025734413119637357,7.230071943079349e-05,0.017638246905017807,0.04304218506830176,1.8534006901055569,2.37878688390468,4.927257612561986,2.923691626290628,1.7806918662422775,2.7630215843083925,0.7126541233266613,1.2607315338744698,5.025408772427783,5.9775375071993364e-05,14.208096265792847,5,0.016849763984030076,5,1.0302064524038246,5,0.8816637281052693,5,7.387440435040515e-05
23,3.766622721637626e-05,0.01436477578243596,7.8699068412518e-05,0.02575802157742413,7.225867662849546e-05,0.01756997567110939,0.04312548826754082,2.0158422102884623,2.727964579305345,5.393551430940014,3.4224236753567596,1.8345368630102803,2.8288397534647065,0.7124782206007827,1.4203376158734342,5.217746453145031,5.670399506143306e-05,14.276846170425415,5,0.016849763984030076,5,1.0302064524038246,5,0.8816637281052693,5,7.387440435040515e-05
24,3.7253400625341885e-05,0.014336402748420848,8.037593601639604e-05,0.025850484063043855,7.648500164813117e-05,0.017989205574751244,0.04319087161752338,2.1140847212502534,2.622071309868743,5.238661288409992,3.3520564759104854,2.0218665325679477,3.312912711033111,0.8027182187439051,1.5702072819397102,5.1357705105304925,5.3608130716701005e-05,14.23285698890686,5,0.016849763984030076,5,1.0302064524038246,5,0.8816637281052693,5,7.387440435040515e-05
25,3.6771689640977115e-05,0.014285789126962854,8.092168934520401e-05,0.025828861899451796,7.689158194718537e-05,0.01800503096097981,0.043125659916123146,2.249033265789557,2.961648995645737,5.741290681570275,3.670247710111793,1.9668520458090821,2.9175824676191495,0.7638089253714405,1.428710251306164,4.693011841903835,5.049999999999999e-05,14.297676086425781,5,0.016849763984030076,5,1.0302064524038246,5,0.8816637281052693,5,7.387440435040515e-05
26,3.644994939221343e-05,0.014254557050055768,8.047865803099025e-05,0.02582713074256199,7.653058092538057e-05,0.017972670067872724,0.043153353991355725,1.8694456573292886,2.270698753739492,4.23805080796348,2.800447751682969,1.6054469174806378,2.036632816640506,0.7835146230142177,1.468964283864501,3.2114097506894526,4.7391869283298976e-05,14.323764562606812,5,0.016849763984030076,5,1.0302064524038246,5,0.8816637281052693,5,7.387440435040515e-05
27,3.617761881385405e-05,0.014237470057311496,8.003603789773929e-05,0.025829614864516296,7.705786938132884e-05,0.018054024753079503,0.04315216971979724,1.7131598366249685,2.038976222351275,4.281325484592986,2.374086866416998,1.5946394303206186,2.01328044925762,0.8032625221927568,1.4690262134166887,4.141968269605672,4.429600493856693e-05,14.252573728561401,5,0.016849763984030076,5,1.0302064524038246,5,0.8816637281052693,5,7.387440435040515e-05
28,3.565734867606622e-05,0.014192731190332111,8.106616964186295e-05,0.025837115726719404,7.671858277111658e-05,0.01795625349163576,0.04316952989563096,2.097106177887426,2.7095228559628612,5.257564136004849,3.4095855973312332,1.6462264852475963,2.1610385773451646,0.777798796745923,1.4599616229659649,2.9818721338941305,4.122462492800662e-05,14.091627359390259,5,0.016849763984030076,5,1.0302064524038246,5,0.8816637281052693,5,7.387440435040515e-05
29,3.547616411962578e-05,0.014166179430879283,7.993568755178443e-05,0.0258094802540502,7.534392162681656e-05,0.017873255433353046,0.04314322245929443,1.7751319819009255,2.057074336526072,3.8433621452780904,2.6082925860089845,1.6564643390540774,2.393969892694176,0.7536826433025753,1.4274479580782207,3.657249183023104,3.8189850585339674e-05,14.213135480880737,5,0.016849763984030076,5,1.0302064524038246,5,0.8816637281052693,5,7.387440435040515e-05
30,3.520753814417539e-05,0.014137486110055083,7.964891751264455e-05,0.02578003701120932,7.391962118891809e-05,0.017773161775441363,0.04306341563709906,2.006958076808955,2.6211029489063025,5.405575014827275,2.9519378583417715,1.8127294150463047,2.747587034022127,0.7307721133758891,1.387793454054344,4.779212172820354,3.5203658778440106e-05,14.278735160827637,5,0.016849763984030076,5,1.0302064524038246,5,0.8816637281052693,5,7.387440435040515e-05
31,3.489109868658624e-05,0.014134054813990923,8.057070321602382e-05,0.02583316477498187,7.658019125685161e-05,0.01801607803333808,0.04312016585823463,1.6977690752784345,1.636188681865355,3.435063237025229,2.2409819704316987,1.6420394610791538,2.188108233748429,0.7799349874661801,1.4225655073848664,3.5999327700513457,3.227783464210844e-05,14.366130590438843,5,0.016849763984030076,5,1.0302064524038246,5,0.8816637281052693,5,7.387440435040515e-05
32,3.4673675165705867e-05,0.014119214745780751,8.020773961363721e-05,0.02580333886053746,7.462056404088495e-05,0.017815307446090837,0.04310015923103412,1.7935225932376198,2.0831788053401796,4.120948673594474,2.7808258851712293,1.719258990080391,2.6859650137626017,0.7281992927973175,1.362852405539451,4.042218104581844,2.942392506752889e-05,14.376989841461182,5,0.016849763984030076,5,1.0302064524038246,5,0.8816637281052693,5,7.387440435040515e-05
33,3.4447871543958785e-05,0.014094503674833832,8.12725925439617e-05,0.025859218879420925,7.779258757149515e-05,0.018039635060217468,0.04321660723849746,1.9829901746391294,2.3292414404497386,4.087399563671751,2.778702659388775,1.8573050775302122,2.435884044713099,0.8171334288624093,1.5952320911066558,3.7667667281685846,2.6653193131965075e-05,14.373880386352539,5,0.016849763984030076,5,1.0302064524038246,5,0.8816637281052693,5,7.387440435040515e-05
34,3.420225746345054e-05,0.014081259233062568,8.144045455788694e-05,0.025875837949449296,7.845206204095884e-05,0.018125687522841168,0.0432132510438367,1.8240400865698079,1.9540663758949686,3.4856528727370817,2.418608749070407,1.7610830050130946,2.319082092128941,0.8246333563066246,1.5508413779479437,3.4912244050425816,2.3976573648539646e-05,14.259054899215698,5,0.016849763984030076,5,1.0302064524038246,5,0.8816637281052693,5,7.387440435040515e-05
35,3.405322760422309e-05,0.014058086145545145,8.055848467365872e-05,0.025828045726641977,7.578014616232126e-05,0.017919752360629343,0.04313321007525803,2.1427167292272546,2.971717136360071,5.43016579136222,3.5445568398420075,1.7802083849188248,2.5480656772120094,0.7542898936197022,1.4180028217253557,4.535349806926112,2.1404630011522576e-05,14.357151746749878,5,0.016849763984030076,5,1.0302064524038246,5,0.8816637281052693,5,7.387440435040515e-05
36,3.379322371410809e-05,0.014033312906691872,8.147400601461634e-05,0.025869997849392957,7.741180254418529e-05,0.018029718084656296,0.04320395063058713,2.0118627704423178,2.42962852523181,4.577134151014941,2.719070611936386,1.9426847750814242,2.65837557514967,0.7980884556120228,1.5677953538926688,4.63284993665886,1.8947512507439848e-05,14.258230924606323,5,0.016849763984030076,5,1.0302064524038246,5,0.8816637281052693,5,7.387440435040515e-05
37,3.3619379917168645e-05,0.01400941218846364,8.18247871029386e-05,0.025875197052671474,7.701385029973689e-05,0.01798446872534558,0.043201409200557706,2.130349161429363,2.667379322211806,4.934909362463892,3.1379380764675253,1.982115590742461,2.7397025340033454,0.7817797543704578,1.5465516827186168,4.677581290300282,1.66149182565299e-05,14.309852600097656,5,0.016849763984030076,5,1.0302064524038246,5,0.8816637281052693,5,7.387440435040515e-05
38,3.344267349214382e-05,0.014006519057424659,8.069364141283904e-05,0.02584053456909891,7.62334553822302e-05,0.017923271567748318,0.04319226121231486,2.109779896474034,2.9620900650638893,5.328218439772195,3.361846593776478,1.7512446240602542,2.4613855962748534,0.7789810481324131,1.4765763458254695,4.258579083731784,1.4416052942640132e-05,14.298273086547852,5,0.016849763984030076,5,1.0302064524038246,5,0.8816637281052693,5,7.387440435040515e-05
39,3.332857347594748e-05,0.013996186926693169,8.162678096174892e-05,0.025883848824266385,7.876422157097875e-05,0.01817644305034576,0.04319477134877927,1.8291446935114166,1.8566650021311375,3.5792530877723947,2.4640044487393795,1.7480222188958079,2.396793298921771,0.8245186303809662,1.5196517084946515,3.291853232997149,1.235959448259843e-05,14.208080530166626,5,0.016849763984030076,5,1.0302064524038246,5,0.8816637281052693,5,7.387440435040515e-05
40,3.314258682003514e-05,0.013967486619831535,8.055791164912194e-05,0.02582045327693681,7.597343452580069e-05,0.017910585082504055,0.04314522947075707,2.02503148683844,2.6008810061915746,5.061931023348818,3.005554516051144,1.864352228725906,2.621612106902155,0.7661532073932876,1.4369986115187485,4.627472194235249,1.04536587784401e-05,14.296862363815308,5,0.016849763984030076,5,1.0302064524038246,5,0.8816637281052693,5,7.387440435040515e-05
41,3.3076887026370236e-05,0.013986809200917395,8.070822094847699e-05,0.025830612715673433,7.667332698727835e-05,0.01798366013608782,0.04314693162012513,1.9404381254338707,2.3846720063375493,4.5865242464144895,2.9745968330029577,1.7712101299955283,2.558941433721715,0.7742417224469349,1.4220617531160489,3.930743393849431,8.70576768765026e-06,14.312482833862305,5,0.016849763984030076,5,1.0302064524038246,5,0.8816637281052693,5,7.387440435040515e-05
42,3.29897135394199e-05,0.013961575158755929,8.001697854799402e-05,0.02580424448766018,7.504954537138697e-05,0.01786066993256897,0.043110218700746085,1.9447836517549928,2.4750531835059952,4.8511325319617935,2.969359002783883,1.7966066252955493,2.635654945428101,0.7449903243624287,1.3598695813813235,4.445873905811076,7.122819337828748e-06,14.081891775131226,5,0.016849763984030076,5,1.0302064524038246,5,0.8816637281052693,5,7.387440435040515e-05
43,3.2813844675370067e-05,0.01394819018349473,8.132109313311402e-05,0.025857614623429552,7.743703126026513e-05,0.01806220279590196,0.04315494230603088,1.9646594417473757,2.3398807785415676,4.406590614489465,2.936856872979503,1.8771636671136926,2.746802037905875,0.781875551750925,1.4630647354174515,4.235775968054083,5.711060902932039e-06,14.349576950073242,5,0.016849763984030076,5,1.0302064524038246,5,0.8816637281052693,5,7.387440435040515e-05
44,3.2752975392708904e-05,0.013936598673304603,8.102094847432166e-05,0.025837205909433544,7.660475146186241e-05,0.017988891807666097,0.04312764589810162,1.940766206797498,2.291209749229086,4.491064701211155,2.8128786777745507,1.8409774605201221,2.590506410379668,0.768768979516661,1.4475724146433417,4.272578630871873,4.476063948531556e-06,14.195902824401855,5,0.016849763984030076,5,1.0302064524038246,5,0.8816637281052693,5,7.387440435040515e-05
45,3.2641982804421756e-05,0.013936969597530286,8.09010447067149e-05,0.02583562253982291,7.643339684550804e-05,0.017964132035418266,0.04314266758955436,1.9607200494394774,2.335462606514322,4.461764960049679,2.9725722744926077,1.8600956386987133,2.7577882453694302,0.7672587839577857,1.4443977704510127,4.191383462191414,3.4227024433898985e-06,14.309131860733032,5,0.016849763984030076,5,1.0302064524038246,5,0.8816637281052693,5,7.387440435040515e-05
46,3.2606083346419555e-05,0.013931053151424703,8.109289078149599e-05,0.02584639814317305,7.695256521248245e-05,0.01801103685799902,0.04315358612143117,1.985407477399118,2.417447809566556,4.511730468699459,2.8986361672883594,1.8587077541245827,2.596157625595039,0.7794803449692813,1.464183242401641,4.169087932164837,2.555133524132766e-06,14.290277004241943,5,0.016849763984030076,5,1.0302064524038246,5,0.8816637281052693,5,7.387440435040515e-05
47,3.255978159652723e-05,0.013923056966087234,8.0875378077477e-05,0.025839009228723873,7.628831590354303e-05,0.017960251882093218,0.04314297492343965,1.963066835322656,2.387230700155716,4.570902565988243,2.930314856538566,1.8662302864148899,2.7221192694885494,0.7640072755964898,1.4367496436210807,4.347822225814216,1.8767810889299075e-06,14.273730993270874,5,0.016849763984030076,5,1.0302064524038246,5,0.8816637281052693,5,7.387440435040515e-05
48,3.2548301799012445e-05,0.013923918532514151,8.095743318252958e-05,0.025844695922014778,7.682629462753431e-05,0.0179944076660401,0.04316492855348135,1.9540029706775401,2.3343382059405138,4.331423318915024,2.8815329985264486,1.8443977410555883,2.642274178878907,0.7801327240738788,1.471340608665566,4.037855299093566,1.3903222849333503e-06,14.25269627571106,5,0.016849763984030076,5,1.0302064524038246,5,0.8816637281052693,5,7.387440435040515e-05
49,3.25183510852044e-05,0.013910955641389975,8.084942708692038e-05,0.025836469204011687,7.631788153245976e-05,0.017954836041516334,0.043147289015944286,1.944832983023967,2.340731482731201,4.462517904075941,2.9259588965009247,1.8300483614102943,2.6542925970758544,0.7639896221473583,1.4380298086937822,4.177104563083886,1.0976769428005576e-06,14.245095014572144,5,0.016849763984030076,5,1.0302064524038246,5,0.8816637281052693,5,7.387440435040515e-05
50,3.252790133275936e-05,0.013917453455961267,8.085764723184275e-05,0.025839371676323778,7.653621632717201e-05,0.017976193309195587,0.043151816292521954,1.9498202609902635,2.3461600505065845,4.451670106057607,2.913342457415345,1.848939842361414,2.694049675663338,0.7714636334406891,1.4515507157440863,4.21338051329844,1e-06,14.261079788208008,5,0.016849763984030076,5,1.0302064524038246,5,0.8816637281052693,5,7.387440435040515e-05
